	org/repo	Schema	Schema URI	Source URL (GitHub Preferred)	Primary Technical Contacts	Type	Domain	Status	Description	Community Presentation	Community Members?	Derived_From	Publications	Funding	Share metadata	Notes	GitHub
LinkML	linkml/linkml-model	LinkML Metamodel	https://w3id.org/linkml/lib/	https://github.com/linkml/linkml-model/tree/main/linkml_model/model/schema	Chris Mungall	Schema Collection	Generic	public	The metamodel for schemas defined using the Linked Data Modeling Language framework.		yes			NIH, CZI	Yes		linkml/linkml-model
NMDC	microbiomedata/nmdc-schema	NMDC Schema	https://w3id.org/nmdc/nmdc	https://github.com/microbiomedata/nmdc-schema/blob/main/src/schema/nmdc.yaml	Mark Miller	Schema	Microbiology	public		yes	yes			DOE	Yes		
GSC	GenomicsStandardsConsortium/mixs	MIxS	https://w3id.org/mixs 	https://github.com/GenomicsStandardsConsortium/mixs/blob/main/src/mixs/schema/mixs.yaml	Mark Miller	Schema	Biology	public		no	yes			GSC	Yes		
NWB	NeurodataWithoutBorders/nwb-schema	NWB		https://github.com/NeurodataWithoutBorders/nwb-schema/tree/dev/core	Ryan Ly	Schema Collection	Neuroscience	exploratory	A format specification schema for the Neurodata Without Borders (NWB) data format. Not in LinkML					NIH	Yes		Not formatted in linkml?
AGR	alliance/agr_curation_schema	Alliance Curation Schema	https://alliance-genome.github.io/agr_curation_schema/	https://github.com/alliance-genome/agr_curation_schema/tree/main/model/schema	Sierra Moxon, Mark QT, Chris Grove	Schema Collection	Biology	public	Alliance Schema with LinkML	no	yes				Yes		
INCLUDE	include-dcc/include-linkml	INCLUDE LinkML Data Model	https://include-dcc.github.io/include-linkml/	https://github.com/include-dcc/include-linkml/tree/main/src/linkml	Pierrette Lo, Matthew Brush	Schema Collection	Clinical	public	A specialized data model crafted to empower collaboration and streamline data integration within Down syndrome research			https://linkml.io/cmdr/			Yes		
BDC	bfurner/bdchm	BioData Catalyst Harmonized Model	https://bfurner.github.io/bdchm/	https://github.com/bfurner/bdchm/blob/main/src/bdchm/schema/bdchm.yaml	Brian Furner, Anne Thessen, Corey Cox	Schema	Clinical, Biology	public	This is the harmonized data model for use in the BioData Catalyst project.			https://linkml.io/cmdr/		NIH, NHLBI	Yes		
LinkML	linkml/linkml-common	COMET	https://w3id.org/linkml-common/	https://github.com/bfurner/bdchm/blob/main/src/bdchm/schema/bdchm.yaml	Chris Mungall	Schema Collection	Generic	public							Yes		
NCATS	biolink/biolink-model	Biolink	https://w3id.org/biolink	https://github.com/biolink/biolink-model/blob/master/src/biolink_model/schema/biolink_model.yaml	Sierra Moxon	Schema	Biology	public	Entity and association taxonomy and datamodel for life-sciences data	yes	yes			NCATS	Yes		
Monarch	monarch-initiative/ontogpt	OntoGPT SPIRES Templates		https://github.com/monarch-initiative/ontogpt/tree/main/src/ontogpt/templates	J. Harry Caufield	Schema Collection	Generic, Biology, Clinical, Computer Science / Data Science	public		yes	yes			NIH			
Monarch	monarch-initiative/curategpt	curategpt				Not a Schema								NIH			
Monarch	monarch-initiative/dragon-ai	dragon-ai				Not a Schema								NIH			
Monarch	monarch-initiative/sssom	Simple Standard for Sharing Ontology Mappings (SSSOM) schema	https://mapping-commons.github.io/sssom/	https://github.com/mapping-commons/sssom/blob/master/src/sssom_schema/schema/sssom_schema.yaml	Nico Matentzoglu, Harshad Hegde, Chris Mungall	Schema	Generic	public		no	yes			NIH			
Monarch	monarch-initiative/monarch-app	MonarchKG Schema	https://w3id.org/monarch/monarch-py	https://github.com/monarch-initiative/monarch-app/blob/main/backend/src/monarch_py/datamodels/model.yaml	Kevin Schaper	Schema	Molecular Biology, Clinical	public		no	yes			NIH	Yes		
Monarch	linkml/cmdr	CMDR	https://linkml.io/cmdr/	https://github.com/linkml/cmdr/blob/main/src/cmdr/schema/cmdr.yaml	Matthew Brush, Sierra Moxon, Corey Cox, Chris Mungall, Trish Whetzel	Schema	Biology, Clinical	public		no	yes			NIH	Yes		
Monarch	monarch-initiative/babelon	Babelon	https://w3id.org/babelon	https://github.com/monarch-initiative/babelon/blob/main/src/babelon/schema/babelon.yaml	Nico Matentzoglu	Schema	Computer Science / Data Science	public		yes	yes			NIH	Yes		
Monarch	monarch-initiative/monochrom	ChromoSchema	https://w3id.org/biodatamodels/chromoschema	https://github.com/monarch-initiative/monochrom/blob/master/model/schema/chromo.yaml	Chris Mungall	Schema	Cell Biology, Molecular Biology	public			yes			NIH	Yes		
LOINC, Monarch	loinc/comp-loinc	CompLOINC	https://loinc.org/core	https://github.com/loinc/comp-loinc/blob/main/src/comp_loinc/schema/comp_loinc.yaml	Joe Flack, Shahim Essaid	Schema	Clinical	experimental?		yes	yes			NIH, LOINC	Yes		
GA4GH, Monarch	cmungall/linkml-phenopackets	Phenopackets-LinkML	https://cmungall.github.io/linkml-phenopackets/	https://github.com/cmungall/linkml-phenopackets/tree/main/src/phenopackets/schema	Chris Mungall, Peter Robinson, Jules Jacobson	Schema Collection	Clinical	shadow			yes			NIH			
Monarch, Bioportal	INCATools/kgcl	KGCL	w3id.org/kgcl/	https://github.com/INCATools/kgcl/tree/main/src/kgcl_schema/schema	Chris Mungall, Harshad Hegde	Schema Collection	Generic	public		no	yes			NIH	Yes		
Bridge2AI	bridge2ai/standards-schemas	standards-schemas	https://bridge2ai.github.io/standards-schemas/	https://github.com/bridge2ai/standards-schemas	J. Harry Caufield, Moni Munoz-Torres, Nomi Harris	Schema Collection	Computer Science / Data Science	public		no	yes						
Bridge2AI	bridge2ai/model-card-schema	model-card-schema	https://bridge2ai.github.io/model-card-schema/	https://github.com/bridge2ai/model-card-schema	Marcin Joachimiak, J. Harry Caufield	Schema	Computer Science / Data Science	experimental		no	yes						
Bridge2AI	bridge2ai/data-sheets-schema	datasets-schema	https://w3id.org/bridge2ai/data-sheets-schema	https://github.com/bridge2ai/data-sheets-schema	Marcin Joachimiak, J. Harry Caufield	Schema	Computer Science / Data Science	experimental		no	yes						
DOE		brc-schema			J. Harry Caufield	Schema	Computer Science / Data Science, Biology	pre-alpha		no	yes			DOE			
KBase	kbase/credit_engine	Credit-schema	https://github.com/kbase/credit_engine	https://github.com/kbase/credit_engine/blob/develop/schema/kbase/linkml/credit_metadata.yaml	AJ Ireland	Schema	Bibliography	public		no	yes						
ESS-DIVE						Unknown											
ESS-DIVE	heycatwonton/EssDiveSampleRF	EssDiveSampleRF		https://github.com/heycatwonton/EssDiveSampleRF/blob/main/src/essdivesamplerf/schema/essdivesamplerf.yaml	gh:heycatwonton	Schema	Earth Science	exploratory		no	no			DOE			heycatwonton/EssDiveSampleRF
ESS-DIVE	heycatwonton/EssDiveSampleRFOld	EssDiveSampleRFOld		https://github.com/heycatwonton/EssDiveSampleRFOld	gh:heycatwonton	Not a Schema	Earth Science	exploratory									
NCI	cancerDHC/ccdhmodel	CCDH	https://cancerdhc.github.io/ccdhmodel/v1.1/	https://github.com/cancerDHC/ccdhmodel/blob/main/model/schema/crdch_model.yaml	Matthew Brush, Gaurav Vaidya, Brian Furner	Schema	Cancer	abandoned/archived/inactive	The CCDH Harmonized Data Model (CRDC-H) and its terminological infrastructure are being designed to meet the needs of systems like the Cancer Data Aggregator (CDA) that support integrated search and metadata-based analyses across datasets in the CRDC	no	yes			NCI			
iSamples	isamplesorg/metadata	iSamples Schema	https://isamplesorg.github.io/metadata/	https://github.com/isamplesorg/metadata/blob/main/src/schemas/isamples_core.yaml	Stephen Richard	Schema	Earth Science	public		no	no			NSF	Yes		
Mitre					Eric Newman/Neumann	Unknown										not yet public	
AltosLabs		dcat-linkml		https://github.com/nicholsn/dcat-linkml	Nolan Nichols	Unknown				yes	yes	https://oercommons.org/courseware/lesson/94736/overview					
Unknown		SSSOM				Duplicate									Yes	Duplicate	
LBNL	chemkg/chemrof	chemrof	https://w3id.org/chemrof	https://github.com/chemkg/chemrof/blob/main/src/chemrof/schema/chemrof.yaml	Chris Mungall	Schema	Chemistry	public			yes				Yes		
LBNL		kgviz				Duplicate									Yes		
LBNL		MIRACL				Unknown									Yes		
LBNL		KG-Microbe				Not a Schema									Yes		
LBNL	Cellular-Semantics/cell-annotation-schema	cell-annotation-schema	https://cellular-semantics.sanger.ac.uk/ontology/CAS	https://github.com/Cellular-Semantics/cell-annotation-schema/blob/main/src/cell_annotation_schema/schema/cell_annotation_schema.yaml	Huseyin Kir	Schema	Cell Biology										Cellular-Semantics/cell-annotation-schema
ESPRI-Mod	ESPRI-Mod/WGCM_CVs	WGCM		https://github.com/ESPRI-Mod/WGCM_CVs/tree/main/src/wgcm_cvs/schemas	gh:ltroussellier	Schema Collection	Climate Science										
Unknown		CSOLink				Unknown	Computer Science / Data Science								Yes	Identical to lmodel/zzz ?	
GO	geneontology/gocam-py	GO-CAM		https://github.com/geneontology/gocam-py/blob/main/src/gocam/schema/gocam.yaml	Sierra Moxon	Schema	Biology, Molecular Biology	public			yes						
Monarch	monarch-initiative/ncbi-gene					Not a Schema											monarch-initiative/ncbi-gene
OHDSI	OHDSI/Hestia	Hestia		https://github.com/OHDSI/Hestia/blob/main/hestia/models/cdm/omop_cdm.yml	Hayden B Spence, Frank DeFalco	Schema	Clinical	pre-alpha		no	no						OHDSI/Hestia
NFDI4Chem	NFDI4Chem/MIChI	MIChi	https://nfdi4chem.github.io/MIChI/	https://github.com/NFDI4Chem/MIChI/blob/main/src/michi/schema/michi.yaml	Philip Strömert	Schema	Neuroscience			no	yes						NFDI4Chem/MIChI
Unknown	joshmoore/ome-ld	ome-ld	joshmoore/ome-ld		Josh Moore	Unknown				yes	yes						
NFDI4Cat	nfdi4cat/pid4cat-model	pid4cat		https://github.com/nfdi4cat/pid4cat-model/blob/main/src/pid4cat_model/schema/pid4cat_model.yaml	David Linke	Schema	Chemistry	public		yes	yes						
Genestorian	genestorian/linkml-assembly-submission	linkml-assembly-submission		https://github.com/genestorian/linkml-assembly-submission/blob/master/src/linkml_assembly_submission/schema/linkml_assembly_submission.yaml	gh:genestorian	Duplicate				yes							
Monarch	monarch-initiative/malco				Justin Reese	Not a Schema				no	yes			NIH			
CDISC		DataExchange-ODM-LinkML		https://cdisc-org.github.io/DataExchange-ODM-LinkML/	Lex Jensen	Schema	Clinical	private	https://www.cdisc.org/sites/default/files/2024-04/CDISC%20EU%202024%20ARS%2020240419.pdf							private?  - lots of big names like Pfizer	
Alliander	Netbeheer-Nederland/tc57cim	CIM-linkml		https://github.com/Netbeheer-Nederland/tc57cim/tree/main/Schemas	Bart Kliejngeld	Schema Collection	Energy Infrastructure	public		yes	yes			Alliander			
Alliander	ritger-alliander/im-cim-v100 	im-cim-v100		https://github.com/ritger-alliander/im-cim-v100/blob/main/src/im_cim_v100/schema/im_cim_v100.yaml	Ritger Teunissen	Schema	Energy Infrastructure	public			yes			Alliander			
Alliander	ritger-alliander/im-measurement	im-measurement		https://github.com/ritger-alliander/im-measurement/blob/main/src/im_measurement/schema/im_measurement.yaml	Ritger Teunissen	Schema	Energy Infrastructure	public			yes			Alliander			
Alliander	ritger-alliander/im-steady-state-hypothesis	im-steady-state-hypothesis	http://iec.ch/TC57/ns/CIM/SteadyStateHypothesis-EU#Package_SteadyStateHypothesisProfile	https://github.com/ritger-alliander/im-steady-state-hypothesis/blob/main/src/im_steady_state_hypothesis/schema/im_steady_state_hypothesis.yaml	Ritger Teunissen	Schema	Energy Infrastructure	public	This vocabulary is describing the steady state hypothesis profile from IEC 61970-600-2.		yes			Alliander			
Alliander	alliander-opensource/cimrdfs2linkml	cimrdfs2linkml		https://github.com/alliander-opensource/cimrdfs2linkml	Ritger Teunissen	Not a Schema	Energy Infrastructure	public		yes	yes			Alliander			
Alliander	ritger-alliander/im-core-equipment	im-core-equipment	http://iec.ch/TC57/ns/CIM/CoreEquipment-EU#Package_CoreEquipmentProfile	https://github.com/ritger-alliander/im-core-equipment/blob/main/src/im_core_equipment/schema/im_core_equipment.yaml	Ritger Teunissen	Schema	Energy Infrastructure	public			yes			Alliander			
Alliander	Netbeheer-Nederland/im-cgmes	cgmes-profiles		https://github.com/alliander-opensource/cgmes-profiles/tree/main/schemas	Ritger Teunissen	Schema Collection	Energy Infrastructure				yes			Alliander			
Alliander	r1tger/al-linkml-schema	al-linkml-schema		https://github.com/r1tger/al-linkml-schema/blob/main/src/al_linkml_schema/schema/al_linkml_schema.yaml	Ritger Teunissen	Schema	Energy Infrastructure	minimal			yes			Alliander			
Alliander	Netbeheer-Nederland/im-e-system-capacity	im-e-system-capacity	https://netbeheer-nederland.github.io/im-e-system-capacity/	https://github.com/Netbeheer-Nederland/im-e-system-capacity/blob/main/src/im_e_system_capacity/schema/im_e_system_capacity.yaml	Ritger Teunissen	Schema	Energy Infrastructure	public			yes			Alliander			
CIMug	cimug-org/cpsm-docs	Common Power System Model (CPSM) and Network Analysis (CPSM-NA)		https://github.com/cimug-org/cpsm-docs/tree/master/schemas	Todd Viegut, Mike Heinen	Schema Collection	Energy Infrastructure	public	possibly related to Alliander	no?	no						
Unknown		TC57CIM	https://ritger-alliander.github.io/im-measurement/			Unknown	Energy Infrastructure										
Unknown	3lbits/NoCIMExtensions	Common Power System Model (CPSM) and CPSM Network Analysis (NA) profile groups	https://github.com/3lbits/NoCIMExtensions	https://github.com/3lbits/NoCIMExtensions/tree/main/schemas	ThomasRanvik Eriksen	Schema Collection	Energy Infrastructure										
Unknown	khaledk2/idr_metadata_model	Open Microscopy		https://github.com/khaledk2/idr_metadata_model/tree/main/idrmetadatamodels/models	khaledk2	Schema Collection		exploratory									
Unknown		PyDidIt: reproducible computational workflows RO Crates		https://github.com/BioDT/pydidit	Oliver Wooland	Not a Schema		exploratory	Note: this is likely an exploratory repo via collaboration at CZI meeting 2024 with sierra-moxon								
HZB		HZB (meta)data schema		https://github.com/anak-velazquez/hzb-metadata-schema/tree/main/src/hzb_metadata_schema/schema	Ana Velazquez, Sona Patel	Schema Collection	Chemistry	public		no	yes						
ELITE		Elite Data Models	https://eliteportal.github.io/data-models/docs/DataModel.html	https://github.com/eliteportal/data-models	Abby Vander Linden	Not a Schema		public		no	no						
ESPRI-Mod	ESPRI-Mod/WGCM_CVs	WGCM_CVs	http://es-vocab.ipsl.fr/	https://github.com/ESPRI-Mod/WGCM_CVs/tree/main/src/wgcm_cvs/schemas		Schema Collection	Climate Science	public		no	no						
ESPRI-Mod	ESPRI-Mod/es-vocab	ES-VOCAB		https://github.com/ESPRI-Mod/es-vocab		Not a Schema	Climate Science	public		no	no						
PlasmoGenEpi	PlasmoGenEpi/portable-microhaplotype-object	portable-microhaplotype-object	https://plasmogenepi.github.io/portable-microhaplotype-object	https://github.com/PlasmoGenEpi/portable-microhaplotype-object/blob/main/src/portable_microhaplotype_object/schema/portable_microhaplotype_object.yaml	Nicholas Hathaway	Schema	Molecular Biology	public	Malaria research group	no	no			NIAID			
Netbeheer Nederland		im-e-topology	https://netbeheer-nederland.github.io/im-e-topology/	https://github.com/Netbeheer-Nederland/im-e-topology/blob/main/src/im_e_topology/schema/im_e_topology.yaml	Ritger Teunissen	Schema	Energy Infrastructure	public			no						
Netbeheer Nederland	Netbeheer-Nederland/im-gegevensverstrekking-warmtetransitie	im-gegevensverstrekking-warmtetransitie	https://netbeheer-nederland.github.io/im-gegevensverstrekking-warmtetransitie/	https://github.com/Netbeheer-Nederland/im-gegevensverstrekking-warmtetransitie/blob/main/src/im_gegevensverstrekking_warmtetransitie/schema/im_gegevensverstrekking_warmtetransitie.yaml	Ritger Teunissen	Schema	Energy Infrastructure	public	Information model for heat transition data provision.		no						
Netbeheer Nederland	Netbeheer-Nederland/dp-eh-nettopologie	dp-eh-nettopologie	https://github.com/Netbeheer-Nederland/dp-eh-nettopologie	https://github.com/Netbeheer-Nederland/dp-eh-nettopologie/blob/main/src/dp_eh_nettopologie/schema/dp_eh_nettopologie.yaml	Ritger Teunissen	Schema	Energy Infrastructure	public	Information model for the Net Topology data product for EnergyHubs.		no						
Netbeheer Nederland	Netbeheer-Nederland/im-capaciteitskaart	im-capaciteitskaart		https://github.com/Netbeheer-Nederland/im-capaciteitskaart/blob/main/src/im_capaciteitskaart/schema/im_capaciteitskaart-full.yaml	Ritger Teunissen	Schema	Energy Infrastructure	public			no						
Netbeheer Nederland	Netbeheer-Nederland/im-e-equipment	im-e-equipment	https://netbeheer-nederland.github.io/im-e-equipment/	https://github.com/Netbeheer-Nederland/im-e-equipment/blob/main/src/im_e_equipment/schema/im_e_equipment.yaml	Ritger Teunissen	Schema	Energy Infrastructure	public			no						
Enola		Enola Schema		https://github.com/enola-dev/enola/blob/main/models/enola.dev/enola.linkml.yaml	Michael Vorburger	Schema	Computer Science / Data Science	exploratory	Enola is a Graph-based analytics system for exploring relationships between common objects.		no						
BioBox	biobox-analytics/biobox-analytics	biobox-analytics	https://ontology.biobox.io/linkml/	https://github.com/biobox-analytics/biobox-analytics/tree/main/biobox_analytics/data/schemas	Hamza Farooq	Schema Collection	Molecular Biology, Cell Biology	public			no						
CZI		SciKnow Schema	https://chanzuckerberg.github.io/alhazen/utils/ceifns_db.html	https://github.com/chanzuckerberg/alhazen/blob/main/local_resources/linkml/sciknow.yaml	Gully Burns	Schema	Bibliography	public	AI agents + toolkits for scientific knowledge		no						
W3C		Web of Things Thing Description information model.	https://github.com/mahdanoura/thing-description-schema	https://github.com/mahdanoura/thing-description-schema/blob/master/src/thing_description_schema/schema/thing_description_schema.yaml	Mahda Noura	Schema	Computer Science / Data Science	abandoned/archived/inactive			yes						
LBNL		NON-OFFICIAL rendering of EDD schema as LinkML (for demo purposes)	https://cmungall.github.io/edd-schema/	https://github.com/cmungall/edd-schema/blob/main/src/edd_schema/schema/edd_schema.yaml	Chris Mungall	Schema		prototype			yes						
DataTractor		Schemas for Metadata Extractors	https://datatractor.github.io/schema/main/index.html	https://github.com/datatractor/schema/blob/main/schemas/base.yaml	Matthew Evans	Schema	Computer Science / Data Science	public			yes						
DataTractor				https://github.com/datatractor/yard	Peter Kraus	Not a Schema		public									
Unknown	joshmoore/ome-ld	Linked Data support for the OME Model		https://github.com/joshmoore/ome-ld	Josh Moore	Not a Schema		public			yes						
Genestorian		linkml assembly submission		https://github.com/genestorian/linkml-assembly-submission/blob/master/src/linkml_assembly_submission/schema/linkml_assembly_submission.yaml	gh:manulera	Schema	Molecular Biology	prototype	A linkml model for submissions of assemblies for ShareYourCloning templates	yes	yes			GOV.UK			
GREGoR Data Model		GREGoR	https://madanucd.github.io/gregor_linkml/	https://github.com/madanucd/gregor_linkml/blob/main/src/gregor_linkml/schema/gregor_linkml.yaml	Madan	Schema		prototype			yes						
In2PrimateBrains		Data Metadata Workflow schema	https://in2primatebrains.github.io/DataMetadataWorkflowDocs/landing.html	https://github.com/In2PrimateBrains/DataMetadataWorkflowDocs	Reema Gupta	Unknown	Neuroscience	prototype									
USDA		Minimum Information about any Food Composition	https://kaiiam.github.io/mifc/	https://github.com/kaiiam/mifc/blob/main/src/mifc/schema/mifc.yaml	Kai Blumberg	Schema	Food Science	public						USDA			
GHGA		GHGA Metadata Schema	https://w3id.org/GHGA-Submission-Metadata-Schema	https://github.com/ghga-de/ghga-metadata-schema/blob/main/src/schema/submission.yaml	Leon Kuchenbecker	Schema	Molecular Biology	public									
BICAN		ansrs-schema		https://github.com/brain-bican/ansrs-schema/blob/main/src/ansrs_schema/schema/ansrs_schema.yaml	Lydia Ng, Sujay Patil	Schema	Neuroscience										
OMI		openMINDS schemas		https://github.com/openMetadataInitiative/openMINDS_LinkML/tree/main/schemas/latest	Andrew Davison	Schema Collection	Chemistry, Bibliography, Biology, Clinical, Computer Science / Data Science	public									
GA4GH		GA4GH-VA (GA4GH variant annotation) schema		https://github.com/sujaypatil96/ga4gh-va-schema/blob/main/src/ga4gh_va_schema/schema/ga4gh_va_schema.yaml	Matthew Brush, Sujay Patil	Schema		public	Data model for variant annotation in the GA4GH consortium.								
ClinGen	clingen-data-model/variant-functional-assay	Variant Functional Assay		https://github.com/clingen-data-model/variant-functional-assay/blob/main/src/linkml/variant_functional_assay.yaml	Bradford Powell	Schema	Molecular Biology				no						
CON	con/journals	Registry of journals for Open Neuroscience		https://github.com/con/journals/blob/main/code/linkml/journals.yaml	Yaroslav Halchenko	Schema	Bibliography, Neuroscience	public	Registry of journals for Open Neuroscience (WiP: for now mostly dump from https://www.gbif.org/data-papers)	no							
M-WET		mwet-schemas/	https://mwet.utexas.edu/metadata/nmr	https://github.com/als-computing/mwet-schemas/blob/main/src/nmr_schema/nmr_schema.yaml	Runbo Jiang	Schema								DOE			
W3C		Wot-thing-description-toolchain-tmp		https://github.com/w3c/wot-thing-description-toolchain-tmp/blob/main/resources/schemas/thing_description.yaml	Mahda Noura	Schema	Computer Science / Data Science										
BioBricks	biobricks-ai/biobricks-schema	BioBricks data dictionary schema	https://biobricks-ai.github.io/biobricks-schema/	https://github.com/biobricks-ai/biobricks-schema/blob/main/src/biobricks_schema/schema/biobricks_schema.yaml	Zaku Mughai	Schema	Biology										
Unknown	InsightSoftwareConsortium/ITK-Wasm	ITK-Wasm	https://w3id.org/itk/wasm	https://github.com/InsightSoftwareConsortium/ITK-Wasm/blob/main/model/itk-wasm.yml	Matt McCormick	Schema	Computer Science / Data Science	public	ITK-Wasm combines ITK and WebAssembly to enable high-performance spatial analysis in a web browser, Node.js, Python, and reproducible execution across programming languages and hardware architectures.								
Unknown		ANM-butterfly-schema		https://github.com/ANM-Butterfly-Network/ANM-butterfly-schema/blob/main/src/anm_butterfly_schema/schema/anm_butterfly_schema.yaml	Anne Thessen	Schema	Biology	hoping for funding	data infrastructure for butterfly observations from past 200 years		yes						
CZI		cryoet-data-portal-backend		https://github.com/chanzuckerberg/cryoet-data-portal-backend/tree/main/schema/core/v2.0.0	Daniel Ji	Schema Collection	Microscopy		CryoET Data Portal API server & ingestion scripts								
NCATS		information-resource-registry		https://github.com/biolink/information-resource-registry/blob/main/src/information_resource_registry/schema/information_resource_registry.yaml	Sierra Moxon	Schema	Biology				yes						
Unknown		datalad-schema		https://github.com/psychoinformatics-de/datalad-schema/blob/main/src/datalad_schema/schema/datalad_schema.yaml	Stephan Heunis	Schema	Computer Science / Data Science	archived									
Hydrologiq		h2sct-ontology	www.hydrologiq.com/api-platform/	https://github.com/hydrologiq/h2sct-ontology/blob/main/meta/schema.yaml		Schema	Energy Infrastructure		The ontology and supporting documents for Hydrogen Supply Chain Testbed								
omnibenchmark		omni-schema		https://github.com/omnibenchmark/omni-schema/blob/main/src/omni_schema/schema/omni_schema.yaml	Daniel Incicau	Schema	Computer Science / Data Science		generic benchmarking software								
AKC		ak-schema	https://airr-knowledge.github.io/ak-schema/	https://github.com/airr-knowledge/ak-schema/blob/main/src/ak_schema/schema/ak_core.yaml	Scott Christley	Schema	Biology							NIAID			
Unknown	DailyDreaming/linkml-aind-model	linkml-aind-model		https://github.com/DailyDreaming/linkml-aind-model/blob/main/generated_linkml_models/aind.yml	Lon Blauvelt	Schema	Microscopy	prototype	Translate pydantic-based schemas from python modules to LinkML.								
BICAN	brain-bican/ansrs-schema	ansrs-schema	https://brain-bican.github.io/ansrs-schema/	https://github.com/brain-bican/ansrs-schema/blob/main/src/ansrs_schema/schema/ansrs_schema.yaml	Lydia Ng	Schema	Neuroscience										
Unknown	p2p-ld/numpydantic		numpydantic.readthedocs.io/		Jonny Saunders	Schema	Computer Science / Data Science										
LBNL	cmungall/bibliomancer	bibliomancer		https://github.com/cmungall/bibliomancer/blob/main/src/bibliomancer/datamodel/biblio.yaml	Chris Mungall	Schema	Bibliography				yes						
LBNL	cmungall/venomx	venomx		https://github.com/cmungall/venomx/blob/main/src/venomx/model/venomx.yaml	Chris Mungall	Schema	Computer Science / Data Science				yes						
Unknown	digital-botanical-gardens-initiative/link-ml-sandbox				Pierre-Marie Allard	Schema		minimal	sadly just the person schema								
Unknown	WolfgangFahl/dcm		https://dcm.wikidata.dbis.rwth-aachen.de/	https://github.com/WolfgangFahl/dcm/blob/main/dcm/linkml/dcm_schema.yaml	Wolfgang Fahl	Schema	Education		dynamic competence map	yes	yes						
GX4FM		SemanticDataLink	https://github.com/GX4FM-Base-X/SemanticDataLink/tree/main/linkml/yaml/hamburg	https://github.com/GX4FM-Base-X/SemanticDataLink/tree/main/linkml/yaml/hamburg	Paul Moosmann	Schema Collection	Transportation Infrastructure		The Semantic Data Link repository hosts a Streamlit-based web application designed for managing and augmenting data schemas using LinkML (Linked Data Modeling Language). This tool provides a user-friendly interface for uploading, validating, and enhancing data schemas with additional layers of contextual or definitional metadata, known as overlays.								
Unknown	BITPlan/niceSmartCRM	niceSmartCRM		https://github.com/BITPlan/niceSmartCRM/blob/main/linkml/person_linkml.yaml	WolfgangFahl	Schema	Customer Relations	prototype	nicegui based Customer Relation Management tool	yes	yes						
Unknown	p2p-ld/linkml-activitypub	ActivityPub		https://github.com/p2p-ld/linkml-activitypub/tree/main/linkml_activitypub	Jonny Saunders	Schema Collection	Computer Science / Data Science		LinkML representation of ActivityStreams and ActivityPub schema	no	yes						
CZI		platformics		https://github.com/chanzuckerberg/platformics/blob/main/platformics/codegen/lib/linkml_wrappers.py	Jessica Gadling	Schema	Computer Science / Data Science	public	Platformics is a GraphQL API framework that relies on code generation to implement a full featured GraphQL API on top of a PostgreSQL database, with support for authorization policy enforcement and file persistence via S3. It's built on top of the best available Python tools and frameworks!	no	no						
SDSC-ORDES	sdsc-ordes/modos-schema	modos-schema	https://sdsc-ordes.github.io/modos-schema/	https://github.com/sdsc-ordes/modos-schema/blob/main/src/modos_schema/schema/modos_schema.yaml	Cyril Matthey-Doret	Schema	Molecular Biology	public	Metadata schema for the SMOC Multi-Omics Digital-Object -- this looks like something from Swiss Data Science Center that Deepak might be aware of								
US NIST	USNIstgov/pfhub-schema	pfhub-cli	https://pages.nist.gov/pfhub-cli/	https://github.com/usnistgov/pfhub-cli/blob/main/pfhub/schema/pfhub_schema.yaml	Daniel Wheeler	Schema	Materials Science	public									
Unknown	StroemPhi/Dataset_AP	Dataset_AP		https://github.com/StroemPhi/Dataset_AP/blob/main/src/dataset_ap/schema/dataset_ap.yaml	Philip Strömert	Schema	Computer Science / Data Science	public	A LinkML representation of https://bioschemas.org/profiles/Dataset/1.0-RELEASE.							schema.org conversion	
Unknown	StroemPhi/DefinedTerm_profile	https://stroemphi.github.io/Dataset_AP/	https://github.com/StroemPhi/DefinedTerm_profile/blob/main/src/definedterm_profile/schema/schemaorg.yaml	https://github.com/StroemPhi/Dataset_AP/blob/main/src/dataset_ap/schema/dataset_ap.yaml	Philip Strömert	Schema	Computer Science / Data Science	public	A LinkML schema to define a profile for the DefinedTermSet class from Schema.org.							schema.org conversion	
GUTS	guts-consortium/schema	GUTS schema	https://guts-consortium.github.io/schema/	https://github.com/guts-consortium/schema/blob/main/src/guts_schema.yaml	Stephan Heunis	Schema	Clinical	public									
Unknown	cellannotation/CAS-LinkML	cas		https://github.com/cellannotation/CAS-LinkML/blob/main/schema/scratch/scratch.yaml	David Osumi-Sutherland	Schema	Cell Biology	experimental	Exploring and testing solutions for converting CAS into a LinkML schema. The aims is for this to support identical JSON-schema to the one now on the CAS repo with LinkML adding additional functionality.		yes						
Unknown	glow-mdsol/eapexpand				Geoff Low	Not a Schema			Expand an EAPX or QEA File (and produce LinkML YAML)							Does not include schema; documentation says intent is to produce LinkML YAML as one product	
NMDC	microbiomedata/nmdc_automation	nmdc_automation			Michael Thornton	Not a Schema			Demonstrate how the various stages of a series of workflows could be tracked and triggered by the runtime								
Unknown	psychoinformatics-de/datalad-concepts	DataLad Concept Ontology		https://github.com/psychoinformatics-de/datalad-concepts/blob/main/src/linkml/schemas/ontology.yaml	Michael Hanke	Schema	Computer Science / Data Science	public	Ontology for DataLad, a distributed system for joint management of code, data, and their relationship								
ABCD-J	abcd-j/schema	ABCD-J dataset schema		https://github.com/abcd-j/schema/blob/main/src/abcdj_schema.yaml	Stephan Heunis	Schema	Computer Science / Data Science, Clinical	public	Schema for ABCD-J. The overarching goal of ABCD-J is to elevate existing technical solutions for research practice adoption. From the social perspective, the ABCD-J project aims to promote and facilitate collaboration between multiple research centres, while from the technical perspective the project will accelerate research through homogenization of workflows and processes, with particular emphasis on digital biomarker development.								
Unknown	sfb1451/crc-schema-draft	CRC dataset schema		https://github.com/sfb1451/crc-schema-draft/blob/main/src/sfb1451_schema.yaml	Michał Szczepanik	Schema	Neuroscience	experimental	schema for the motor CRC dataset								
Unknown	Knowledge-Graph-Hub/kg-bacdive				Harshad Hegde	Not a Schema	Microbiology		archived precursor to current KG-Microbe		yes						
GHGA	ghga-de/ghga-datasteward-kit	GHGA data submission schema	https://w3id.org/GHGA-Submission-Metadata-Schema	https://github.com/ghga-de/ghga-metadata-schema/blob/main/src/schema/submission.yaml	Seyit Zor	Schema	Molecular Biology		The submission centric metadata schema for the German Human Genome-Phenome Archive (GHGA)							Schema is in different repo	
Monarch	monarch-initiative/pheval.svanna					Not a Schema								NIH			
Unknown	aaronpeikert/dodontprereg			https://github.com/aaronpeikert/dodontprereg/blob/main/schema.yml	Aaron Peikert	Schema											
CZI	chanzuckerberg/czid-platformics	CZID Platformics Bio-Entities Schema		https://github.com/chanzuckerberg/czid-platformics/blob/main/entities/schema/platformics.yaml	gh:rzlim08	Schema	Molecular Biology										
Genestorian	genestorian/ShareYourCloning_LinkML	ShareYourCloning_LinkML	https://w3id.org/genestorian/ShareYourCloning_LinkML	https://github.com/genestorian/ShareYourCloning_LinkML/blob/master/src/shareyourcloning_linkml/schema/shareyourcloning_linkml.yaml	gh:manulera	Schema	Molecular Biology	public		yes	yes			GOV.UK			https://github.com/genestorian/ShareYourCloning_LinkML
NMDC	microbiomedata/binder-for-linkml-proj					Not a Schema		abandoned/archived/inactive	just jupyter notebooks. no schema.								
ELITE	eliteportal/data-dictionary					Not a Schema			See https://github.com/eliteportal/data-models								
Unknown	laurenechan/test-answer-schema	Test answer schema	https://github.com/laurenechan/test-answer-schema	https://raw.githubusercontent.com/laurenechan/test-answer-schema/main/src/test_answer_schema/schema/test_answer_schema.yaml	Lauren Chan, Sierra Moxon	Schema		minimal			yes						
Monarch	souzadevinicius/monarch-pheval			https://github.com/souzadevinicius/monarch-pheval/blob/main/resources/pheval-config.yaml	Vinícius de Souza	Not a Schema		minimal			yes			NIH			
GHGA	ghga-de/metldata	metldata	https://github.com/ghga-de/metldata/tree/main/src/metldata		Leon Kuchenbecker	Schema	Computer Science / Data Science	uses generated python but not yaml	Metldata is a framework for handling the entire lifetime of metadata by addressing the a complex combination of challenges that makes it suitable especially for public archives for sensitive data								
VHP4Safety/vhp4safety-docs	VHP4Safety/vhp4safety-docs					Unknown											
Translator	TranslatorSRI/TranslatorTestingModel		https://translatorsri.github.io/TranslatorTestingModel/	https://github.com/TranslatorSRI/TranslatorTestingModel/blob/main/src/translator_testing_model/schema/translator_testing_model.yaml	Sierra Moxon	Schema	Computer Science / Data Science				yes			NCATS			
MRI	MontpellierRessourcesImagerie/microscopemetrics-schema	microscopemetrics-schema	https://MontpellierRessourcesImagerie.github.io/microscopemetrics-schema/core_schema	https://github.com/MontpellierRessourcesImagerie/microscopemetrics-schema/tree/main/src/microscopemetrics_schema/schema	Julio Mateos Langerak	Schema Collection	Microscopy	public	A schema for microscope-metrics, a python package for microscope QC								
Unknown	p2p-ld/nwb-linkml	nwb-linkml		https://github.com/p2p-ld/nwb-linkml/tree/main/nwb_models/src/nwb_models/schema/linkml/core/v2_7_0	Jonny Saunders	Schema Collection	Neuroscience	public	Translating NWB schema language to linkml	no	yes						
MRI	MontpellierRessourcesImagerie/microscope-metrics			https://github.com/MontpellierRessourcesImagerie/microscope-metrics		Not a Schema		minimal	microscope-metrics is a Python library to control microscope quality based on standardized samples								
Monarch	monarch-initiative/mondolib	https://monarch-initiative.github.io/mondolib/		https://github.com/monarch-initiative/mondolib/blob/main/src/mondolib/datamodels/mondolib_schema.yaml	Harshad Hegde	Schema					yes			NIH			
Linux Foundation	lmodel/void	lmodel.github.io/void/		https://github.com/lmodel/void/blob/main/src/void/schema/void.yaml	Noel Mcloughlin 	Schema	Computer Science / Data Science										
CIDGOH	naultran/ToxRSCat	ToxRSCat schemas	https://github.com/naultran/ToxRSCat/tree/main/templates/	https://github.com/naultran/ToxRSCat/tree/main/templates	Damion Dooley	Schema Collection	Environmental Health	pre-alpha	part of Data Harmonizer. The toxicology reporting standard catalogue is a community-based effort to catalogue reporting standards to support the collection of essential metadata associated with environmental health experiments.		yes			NIEHS			
GOV.UK	co-cddo/ukgov-metadata-exchange-model	ukgov-metadata-exchange-model	https://co-cddo.github.io/ukgov-metadata-exchange-model/	https://github.com/co-cddo/ukgov-metadata-exchange-model/blob/main/src/model/uk-gov-orgs.yaml	Alasdair Gray	Schema	Government	public	Details of the UK Government Organisations, including departments, agencies, and public bodies.								
NMDC	microbiomedata/minimal-metab	minimal-metab	https://microbiomedata.github.io/minimal-metab/	https://github.com/microbiomedata/minimal-metab/blob/main/src/minimal_metab/schema/minimal_metab.yaml	Mark Miller	Schema	Microbiology	public	aborted private sandbox for experimenting metabolomics sample prep modeling. everything useful has been moved into nmdc-schema		yes						
Unknown	nicholsn/dcat-linkml	dcat-linkml		https://github.com/nicholsn/dcat-linkml/blob/main/src/dcat_linkml/schema/dcat_linkml.yaml	Nolan Nichols	Schema	Computer Science / Data Science	public									
BIA	BioImage-Archive/bia-mifa-models	BioImage Archive MIFA metadata models	https://bioimage-archive.github.io/bia-mifa-models/	https://github.com/BioImage-Archive/bia-mifa-models/blob/main/src/bia_mifa_models/schema/bia_mifa_models.yaml	gh:tzulueta	Schema		public		no	no						
Unknown	FatemehShiri/linkml-plover	linkml-plover		https://github.com/FatemehShiri/linkml-plover/blob/main/src/linkml_plover/schema/linkml_plover.yaml	Fatemeh Shiri	Schema		minimal	schema for plover dataset								
Unknown	lcomet/docskioptiapck	kioptiapack	https://lcomet.github.io/docskioptiapck/	https://github.com/lcomet/docskioptiapck/blob/main/src/kioptipack_schema/schema/kioptipack_schema.yaml	Lina Molinas Comet	Schema	Materials Science	public	Documentation of the ontology and metamodels for the KIOptipack project								
Monarch	monarch-initiative/monarch-py	monarch-py schema		https://github.com/monarch-initiative/monarch-py/blob/main/src/monarch_py/datamodels/model.yaml	Kevin Schaper	Schema		abandoned/archived/inactive			yes			NIH		just LinkML imports	
Linux Foundation	lmodel/zzz	zzz	lmodel.github.io/zzz/	https://github.com/lmodel/zzz/blob/main/src/zzz/schema/zzz.yaml	Noel Mcloughlin 	Schema	Computer Science / Data Science	prototype									
Linux Foundation	lmodel/generic	generic	lmodel.github.io/generic/	https://github.com/lmodel/generic/blob/main/src/generic/schema/generic.yaml	Noel Mcloughlin 	Schema	Computer Science / Data Science	public									
Unknown	FatemehShiri/maritime-schema	maritime-schema		https://github.com/FatemehShiri/maritime-schema/blob/main/src/maritime_schema/schema/maritime_schema.yaml	Fatemeh Shiri	Schema										just LinkML imports	
Monarch	monarch-initiative/monarch-kg-qc-schema	Monarch KG QC Schema	https://github.com/monarch-initiative/monarch-kg-qc-schema	https://github.com/monarch-initiative/monarch-kg-qc-schema/blob/main/src/monarch_kg_qc_schema/schema/monarch_kg_qc_schema.yaml	Kevin Schaper	Schema	Molecular Biology				yes			NIH			
GO	geneontology/pybiopax2gocam	Biopax Parser Model		https://github.com/geneontology/pybiopax2gocam/blob/main/playground/biopax.linkml.yaml	Tremayne Mushayahama	Schema	Molecular Biology										
Unknown	tmprd/valve-linkml	valve-linkml				Not a Schema			Convert LinkML schema + data to VALVE tables and vice versa								
ReproNim	ReproNim/reproschema	ReproNim schema		https://github.com/ReproNim/reproschema/blob/main/linkml-schema/reproschema.yaml	Dorota Jarecka	Schema	Neuroscience							NIBIB, NIH			
ReproNim	ReproNim/nimh-minimal	ReproNim minimal schema				Not a Schema	Neuroscience							NIBIB, NIH		No LinkML schema	
BICAN	brain-bican/bkbit	Brain Knowledge Base Interaction Toolkit				Not a Schema	Neuroscience		This package contains Pydantic version of the BICAN Knowledgebase Data Models, along with tools to interact with the models and the data they represent.	no	no					Pydantic only	
Monarch	monarch-initiative/pheval.ontogpt					Not a Schema								NIH			
Monarch	amc-corey-cox/monarch-kg-qc-schema	monarch-kg-qc-schema				Schema		abandoned/archived/inactive						NIH		See monarch-initiative/monarch-kg-qc-schema	
Monarch	monarch-initiative/boomer-gpt	Boomer-GPT configuration schema		https://github.com/monarch-initiative/boomer-gpt/blob/main/src/boomer_gpt/datamodel/configuration.yaml	Chris Mungall	Schema	Computer Science / Data Science				yes			NIH			
Monarch	monarch-initiative/phenotype2phenopacket					Not a Schema								NIH			
FAIR-MI	FAIR-MI/miiid-schema	Minimal Information about Intermicrobial Interaction Data schema	https://w3id.org/FAIR-MI/miiid-schema	https://github.com/FAIR-MI/miiid-schema/blob/master/src/miiid_schema/schema/miiid_schema.yaml	Charlie Pauvert	Schema	Microbiology, Molecular Biology	prototype	Towards a Minimal Information about Intermicrobial Interaction Data schema								
Unknown	INCATools/pandasaurus_cxg					Not a Schema											
scFAIR	scFAIR/celltag_schema			https://github.com/scFAIR/celltag_schema/blob/main/src/celltag_schema/schema/celltag_schema.yaml	David Osumi-Sutherland	Schema	Molecular Biology, Cell Biology	abandoned/archived/inactive			yes						
Bridge2AI	bridge2ai/data-sheets-schema					Duplicate										Duplicate	
GO	cmungall/go-cam-analysis	GO CAM interaction model		https://github.com/cmungall/go-cam-analysis/blob/main/src/cam_interaction/datamodel/model.yaml	Chris Mungall	Schema	Molecular Biology, Cell Biology				yes					Derived?	
Monarch	monarch-initiative/curate-gpt					Duplicate								NIH		Duplicate	
GHGA	ghga-de/ghga-validator					Not a Schema											
NMDC	microbiomedata/mixs-6-2-release-candidate			https://github.com/microbiomedata/mixs-6-2-release-candidate/blob/main/generated-schema/mixs_6_2_rc.yaml	Mark Miller	Schema	Microbiology	abandoned/archived/inactive	superseded by https://github.com/GenomicsStandardsConsortium/mixs6.2_release_candidate								
Unknown	turbomam/exhaustion-check				Mark Miller	Not a Schema			code that checks a data file to see if all of the applicable slots have been populated. I don't think this contains any schema YAML								
Monarch	monarch-initiative/monarch-mapping-commons					Not a Schema								NIH			
NMDC	microbiomedata/oai-nmdc-plugin					Not a Schema											
Unknown	diatomsRcool/biotic-interactions	biotic-interactions		https://github.com/diatomsRcool/biotic-interactions/blob/main/model/schema/interaction.yaml	Anne Thessen	Schema	Biology	was hoping for funding	Based on GloBI							hope to return to it	
4TU.ResearchData	4TUResearchData/soss	softinfo	https://w3id.org/linkml/examples/softinfo	https://github.com/4TUResearchData/soss/blob/main/scr/modelSOSS/softinfo.yaml	Carlos Utrilla Guerrero	Schema	Computer Science / Data Science	public									
Unknown	Knowledge-Graph-Hub/kg-ibd					Not a Schema											
Unknown	RTXteam/RTX					Not a Schema											
Unknown	turbomam/synbio-bestof				Mark Miller	Not a Schema		abandoned/archived/inactive			yes						
Unknown	beril-model/beril-model	beril-model		https://github.com/beril-model/beril-model/blob/main/src/beril_model/schema/beril_model.yaml	Mark Miller	Schema	Molecular Biology				yes						
NMDC	microbiomedata/mixs_fresh_start	mixs_fresh_start		https://github.com/microbiomedata/mixs_fresh_start/blob/main/src/mixs_fresh_start/schema/mixs_fresh_start.yaml		Schema	Microbiology	abandoned/archived/inactive	superseded by v6.2.0+ of MIxS https://github.com/GenomicsStandardsConsortium/mixs								
Unknown	INCATools/PandaSaurus					Not a Schema											
Unknown	turbomam/split-pool-mod-schema	split-pool-mod-schema		https://github.com/turbomam/split-pool-mod-schema/blob/main/src/split_pool_mod_schema/schema/split_pool_mod_schema.yaml	Mark Miller	Schema		abandoned/archived/inactive			yes						
Unknown	pombase/runoak_on_pombase					Not a Schema											
BICAN	brain-bican/models	BICAN Knowledgebase Data Models		https://github.com/brain-bican/models/tree/main/linkml-schema		Schema Collection											
Unknown	jhu-bids/TermHub					Not a Schema											
Linux Foundation	lmodel/ucs-containers	ucs-containers		https://github.com/lmodel/ucs-containers/blob/main/src/ucs_containers/schema/ucs_containers.yaml	Noel Mcloughlin	Schema	Cybersecurity	public									
LinkML	linkml/template-configurator-templates					Not a Schema		abandoned/archived/inactive									
Linux Foundation	lmodel/ucs-core	ucs-core		https://github.com/lmodel/ucs-core/blob/main/src/ucs_core/schema/ucs_core.yaml	Noel Mcloughlin	Schema	Cybersecurity	public									
LOINC	loinc/comp-loinc					Duplicate											
Bridge2AI	CM4AI-UVA/cm4ai-metadata-model-linkml	cm4ai-metadata-model-linkml		https://github.com/CM4AI-UVA/cm4ai-metadata-model-linkml/tree/main/src/cm4ai_metadata_model_linkml/schema		Schema Collection	Molecular Biology	prototype	Cell maps for AI metadata model in LinkML								
LinkML	linkml/semantic-dsl	semantic-dsl		https://github.com/linkml/semantic-dsl/blob/main/src/semdsl/datamodel/semdsl_model.yaml	Chris Mungall	Schema	Computer Science / Data Science	public			yes						
Unknown	kaiiam/mifc	mifc	https://w3id.org/kaiiam/mifc	https://github.com/kaiiam/mifc/blob/main/src/mifc/schema/mifc.yaml	Kai Blumberg	Duplicate	Food Science										
Unknown	INCATools/verificado					Not a Schema											
Unknown	caufieldjh-in-space/mug				J. Harry Caufield	Schema Collection	Generic			no	yes						
Unknown	turbomam/biocore-data-model-linkml-template			https://github.com/turbomam/biocore-data-model-linkml-template/tree/main/src/biocore_data_model_linkml_template/schema	Mark Miller	Schema Collection	Clinical	test			yes						
Linux Foundation	lmodel/uco-master	uco-master		https://github.com/lmodel/uco-master/blob/main/src/uco_master/schema/uco_master.yaml	Noel Mcloughlin	Schema	Cybersecurity	public									
Linux Foundation	lmodel/uco-observable	uco-observable		https://github.com/lmodel/uco-observable/blob/main/src/uco_observable/schema/uco_observable.yaml	Noel Mcloughlin	Schema	Cybersecurity	public									
Linux Foundation	lmodel/uco-tool	uco-tool		https://github.com/lmodel/uco-tool/blob/main/src/uco_tool/schema/uco_tool.yaml	Noel Mcloughlin	Schema	Cybersecurity	public									
Linux Foundation	lmodel/uco-analysis	uco-analysis		https://github.com/lmodel/uco-analysis/blob/main/src/uco_analysis/schema/uco_analysis.yaml	Noel Mcloughlin	Schema	Cybersecurity	public									
Linux Foundation	lmodel/uco-action	uco-action		https://github.com/lmodel/uco-action/blob/main/src/uco_action/schema/uco_action.yaml	Noel Mcloughlin	Schema	Cybersecurity	public									
MaastrichtU-IDS	MaastrichtU-IDS/knowledge-collaboratory					Not a Schema											
Linux Foundation	lmodel/uco-types	uco-types		https://github.com/lmodel/uco-types/blob/main/src/uco_types/schema/uco_types.yaml	Noel Mcloughlin	Schema	Cybersecurity	public									
US NIST	usnistgov/pfhub-schema	PFHub Schema	https://w3id.org/usnistgov/pfhub-schema	https://github.com/usnistgov/pfhub-schema/blob/main/src/pfhub_schema/schema/pfhub_schema.yaml	Trevor Keller	Schema	Materials Science		Schema for Phase-field Simulation and Benchmark Results								
Linux Foundation, AGR	lmodel/collections			https://github.com/lmodel/collections/blob/main/src/collections/schema/collections.yaml	Noel Mcloughlin 	Schema											
HuBMAP Consortium	hubmapconsortium/hra-do-processor	HRA Digital Objects Processor schemas		https://github.com/hubmapconsortium/hra-do-processor/tree/main/schemas/src	Josef Hardi	Schema Collection	Biology	public									
Unknown	tkphd/linkml-tutorial			https://github.com/tkphd/linkml-tutorial/blob/main/src/linkml_tutorial/schema/linkml_tutorial.yaml	Trevor Keller	Schema	Generic	minimal									
Monarch	monarch-initiative/mondo-ingest					Not a Schema								NIH			
LinkML	linkml/semantic-variable-registry	global-semantic-variable-registry	https://w3id.org/linkml/gsvr	https://github.com/linkml/semantic-variable-registry/blob/main/src/gsvr/schema/gsvr.yaml	Chris Mungall	Schema	Generic				yes						
Linux Foundation	lmodel/uco-vocabulary			https://github.com/lmodel/uco-vocabulary/blob/main/src/uco_vocabulary/schema/uco_vocabulary.yaml	Noel Mcloughlin	Schema	Cybersecurity	public									
Bridge2AI	bridge2ai/b2ai-standards-registry				J. Harry Caufield	Not a Schema					yes	https://github.com/bridge2ai/standards-schemas				Contains schemas from https://github.com/bridge2ai/standards-schemas	
NMDC	microbiomedata/submission-schema	NMDC Submission Schema	https://microbiomedata.github.io/submission-schema/	https://github.com/microbiomedata/submission-schema/blob/main/src/nmdc_submission_schema/schema/nmdc_submission_schema.yaml	Patrick Kalita	Schema	Microbiology	public	Schema for creating Data Harmonizer interfaces for biosamples based on MIxS and other standards	no	yes						
Unknown	cmungall/formal-ontology-analysis				Chris Mungall	Not a Schema					yes						
Unknown	StroemPhi/Ontology-Metadata	Ontology-Metadata		https://github.com/StroemPhi/Ontology-Metadata/blob/main/src/ontology_metadata/schema/ontology_metadata.yaml		Schema											
Monarch	monarch-initiative/pheval.lirical					Not a Schema								NIH			
Unknown	WolfgangFahl/pyMetaModel					Not a Schema											
Unknown	cmdoret/mtg_ontology	mtg_ontology	https://cmdoret.net/mtg_ontology/	https://github.com/cmdoret/mtg_ontology/blob/main/src/mtg_ontology/schema/mtg_ontology.yaml	Cyril Matthey-Doret	Schema	Games	public	An ontology describing Magic: The Gathering. It provides the concepts and relationships needed to represent cards, their cost and abilities.	no							
Unknown	noelmcloughlin/lmodel-uco-core	lmodel-uco-core		https://github.com/noelmcloughlin/lmodel-uco-core/blob/main/src/uco_core/schema/uco_core.yaml	Noel Mcloughlin	Schema	Cybersecurity	public									
NMDC	microbiomedata/attributes-of-biosamples	attributes-of-biosamples		https://github.com/microbiomedata/attributes-of-biosamples/blob/main/src/attributes_of_biosamples/schema/attributes_of_biosamples.yaml		Schema		abandoned/archived/inactive	code repo. minimal, useless YAML schema file								
LinkML	cmungall/linkml-initializer			https://github.com/cmungall/linkml-initializer/blob/main/schema/workspace.yaml	Chris Mungall	Schema					yes						
LinkML	cmungall/omop-linkml			https://github.com/cmungall/omop-linkml/blob/master/omop.yaml	Chris Mungall	Schema					yes						
Linux Foundation	lmodel/uco-identity	UCO Identity		https://github.com/lmodel/uco-identity/blob/main/src/uco_identity/schema/uco_identity.yaml	Noel Mcloughlin	Schema	Cybersecurity										
NMDC	microbiomedata/mixs					Duplicate										frozen and only slightly modified version of MIxS https://github.com/GenomicsStandardsConsortium/mixs/releases/tag/mixs6.1.0	
Linux Foundation	lmodel/uco-marking	UCO Marking		https://github.com/lmodel/uco-marking/blob/main/src/uco_marking/schema/uco_marking.yaml	Noel Mcloughlin	Schema	Cybersecurity										
Unknown	MIxS-MInAS/GenomicsStandardsConsortium-mixs					Duplicate											
Unknown	MIxS-MInAS/extension-radiocarbon-dating	extension-radiocarbon-dating		https://github.com/MIxS-MInAS/extension-radiocarbon-dating/blob/main/src/mixs/schema/radiocarbon-dating.yml	James A. Fellows Yates	Schema		public									
Unknown	noelmcloughlin/linkml-model-enrichment					Not a Schema											
CBIIT	CBIIT/CCDH-ccdhmodel	CRDC Harmonized Data Model		https://github.com/CBIIT/CCDH-ccdhmodel/blob/main/model/schema/crdch_model.yaml	Gaurav Vaidya	Schema	Cancer, Clinical				yes					Fork of the abandoned CCDH / CRDC-H data model/schema	
Unknown	cmungall/linkml-rhea				Chris Mungall	Duplicate					yes					see chemkg/linkml-rhea	
Unknown	smartniz/linkml-dh-templater					Not a Schema											
Unknown	smartniz/linkml-round-trips					Not a Schema											
Linux Foundation	lmodel/uco-configuration	uco-configuration	https://w3id.org/lmodel/uco-configuration	https://github.com/lmodel/uco-configuration/blob/main/src/uco_configuration/schema/uco_configuration.yaml	Noel Mcloughlin	Schema	Cybersecurity	public	Unofficial, Linkml Classes and Properties characterizing configurations in Unified Cyber Ontology 1.1.0								
Linux Foundation	lmodel/uco-location	uco-location	https://w3id.org/lmodel/uco-location	https://github.com/lmodel/uco-location/blob/main/src/uco_location/schema/uco_location.yaml	Noel Mcloughlin	Schema	Cybersecurity	public	Unofficial, Linkml Classes and Properties characterizing locations in Unified Cyber Ontology 1.1.0								
Linux Foundation	lmodel/uco-pattern	uco-pattern	https://w3id.org/lmodel/uco-pattern	https://github.com/lmodel/uco-pattern/blob/main/src/uco_pattern/schema/uco_pattern.yaml	Noel Mcloughlin	Schema	Cybersecurity	public	Unofficial, Linkml Classes and Properties characterizing patterns in Unified Cyber Ontology 1.1.0								
Linux Foundation	lmodel/uco-role	uco-role	https://w3id.org/lmodel/uco-role	https://github.com/lmodel/uco-role/blob/main/src/uco_role/schema/uco_role.yaml	Noel Mcloughlin	Schema	Cybersecurity	public	Unofficial, Linkml Classes and Properties characterizing roles in Unified Cyber Ontology 1.1.0								
Linux Foundation	lmodel/uco-core	uco-core	https://w3id.org/lmodel/uco-core	https://github.com/lmodel/uco-core/blob/main/src/uco_core/schema/uco_core.yaml	Noel Mcloughlin	Schema	Cybersecurity	public	Unofficial, Linkml Classes and Properties shared across Unified Cyber Ontology 1.1.0								
Linux Foundation	lmodel/uco-victim	uco-victim	https://w3id.org/lmodel/uco-victim	https://github.com/lmodel/uco-victim/blob/main/src/uco_victim/schema/uco_victim.yaml	Noel Mcloughlin	Schema	Cybersecurity	public	Unofficial, Linkml Classes and Properties characterizing victims in Unified Cyber Ontology 1.1.0								
Linux Foundation	lmodel/uco-time	uco-time	https://w3id.org/lmodel/uco-time	https://github.com/lmodel/uco-time/blob/main/src/uco_time/schema/uco_time.yaml	Noel Mcloughlin	Schema	Cybersecurity	public	Unofficial, Linkml Classes and Properties characterizing time in Unified Cyber Ontology 1.1.0								
Unknown	slobentanzer/mirDIP-adapter					Not a Schema											
Unknown	cmungall/human-cell-atlas			https://github.com/cmungall/human-cell-atlas/tree/main/src/human_cell_atlas/schema	Chris Mungall	Schema Collection	Cell Biology, Molecular Biology	public			yes						
Monarch	monarch-initiative/pheval.exomiser					Not a Schema								NIH			
Unknown	timsbiomed/owl-on-fhir					Not a Schema											
Linux Foundation	lmodel/sample	lmodel sample		https://github.com/lmodel/sample/blob/main/src/sample/schema/sample.yaml	Noel Mcloughlin	Schema	Cybersecurity	minimal								Sample Person model only	
Linux Foundation	lmodel/base	lmodel base		https://github.com/lmodel/base/blob/main/src/base/schema/base.yaml	Noel Mcloughlin	Schema	Cybersecurity	public									
Monarch	monarch-initiative/pheval.phen2gene					Not a Schema								NIH			
Unknown	hauschke/ConfIDent_schema	ConfIDent schema		https://github.com/hauschke/ConfIDent_schema/blob/main/model/schema/confident_schema.yaml	Christian Hauschke	Schema	Events	public									
Unknown	timsbiomed/sssom-on-fhir-content					Not a Schema											
Bridge2AI	bridge2ai/standards-schemas					Duplicate								NIH		Duplicate	
Monarch	monarch-initiative/pheval					Not a Schema								NIH			
Unknown	biocypher/project-template					Not a Schema											
LinkML	linkml/linkml-renderer	linkml-render-style		https://github.com/linkml/linkml-renderer/blob/main/src/linkml_renderer/style/model.yaml	Chris Mungall	Schema	Computer Science / Data Science				yes						
MaastrichtU-IDS	MaastrichtU-IDS/translator-openpredict					Not a Schema											
Unknown	Knowledge-Graph-Hub/kg-microbe					Not a Schema											
Unknown	Knowledge-Graph-Hub/kg-covid-19					Not a Schema											
Monarch	monarch-initiative/ontogpt					Duplicate								NIH		Duplicate	
LinkML	linkml/linkml-schemaorg	Schema.org in LinkML		https://github.com/linkml/linkml-schemaorg/blob/main/src/linkml/schemaorg.yaml	Chris Mungall	Schema	Computer Science / Data Science				yes						
LinkML	linkml/linkml-project-template			https://github.com/linkml/linkml-project-template/blob/main/src/my_datamodel/schema/my_datamodel.yaml.jinja		Schema	Generic	abandoned/archived/inactive									
LBNL	hrshdhgd/oakx-spacy					Not a Schema		test									
Pediatric Cancer Data Commons	chicagopcdc/linkml-data-dictionary			https://github.com/chicagopcdc/linkml-data-dictionary/blob/main/linkml_data_dictionary/model/schema/data_dictionary.yaml		Schema											
Unknown	Knowledge-Graph-Hub/kg-phenio					Not a Schema											
Unknown	oncodash/oncodashkb					Not a Schema											
iSamples	isamplesorg/metadata	iSamples Metadata Schema		https://github.com/isamplesorg/metadata/blob/main/src/schemas/isamples_core.yaml		Schema											
NMDC	microbiomedata/cleanroom-schema					Duplicate		abandoned/archived/inactive	abandoned home for aligning nmdc-schema with OBI. everything useful is in nmdc-schema now								
LinkML	linkml/linkml-template	linkml-template		https://github.com/linkml/linkml-template/blob/main/src/schema/my_schema.yaml		Schema	Generic	abandoned/archived/inactive									
Translator	NCATSTranslator/reasoner-validator					Not a Schema											
Monarch	monarch-initiative/monarch-app					Not a Schema								NIH			
Open Context	opencontext/oc-metadata	physicalSample schema	http://resource.isamples.org/schema/0.2.1	https://github.com/opencontext/oc-metadata/blob/main/src/schemas/opencontext_core.yaml	Eric Kansa	Schema	Computer Science / Data Science										
Unknown	biolink/biolink-model-toolkit					Not a Schema											
Monarch	monarch-initiative/koza					Not a Schema								NIH			
Unknown	biocypher/clinical-knowledge-graph					Not a Schema											
Unknown	alspac/alspac-data-catalogue-schema	ALSPAC data catalogue schema		https://github.com/alspac/alspac-data-catalogue-schema/blob/main/src/alspac_data_catalogue_schema/schema/alspac_data_catalogue_schema.yaml	Mark Miller, Sam Neaves	Schema					yes						
Unknown	Knowledge-Graph-Hub/kg-idg					Not a Schema											
Translator	TranslatorSRI/SRI_testing					Not a Schema											
Unknown	ncbo/BioPortal-to-KGX					Not a Schema											
Unknown	saezlab/tum-bc					Not a Schema											
Monarch	@monarch-initiative					Not a Schema								NIH			
Monarch	monarch-initiative/monarch-documentation					Not a Schema								NIH			
Unknown	hrshdhgd/oakx-oger					Not a Schema											
Unknown	Knowledge-Graph-Hub/universalizer					Not a Schema											
LBNL	cmungall/basin3d_schema	basin3d_schema		https://github.com/cmungall/basin3d_schema/tree/main/src/basin3d_schema/schema	Chris Mungall	Schema Collection		experimental			yes						
Unknown	iarpa-felix/synbio-schema	synbio-schema		https://github.com/iarpa-felix/synbio-schema/blob/main/src/synbio_schema/schema/synbio_schema.yaml	Mark Miller	Schema	Biology				yes						
Unknown	biocypher/open-targets					Not a Schema											
LinkML	linkml/linkml-project-cookiecutter	LinkML Cookiecutter Schema		https://github.com/linkml/linkml-project-cookiecutter/blob/main/%7B%7Bcookiecutter.project_name%7D%7D/src/%7B%7Bcookiecutter.__project_slug%7D%7D/schema/%7B%7Bcookiecutter.__project_slug%7D%7D.yaml	Sierra Moxon	Schema		minimal			yes						
Unknown	INCATools/oakx-grape					Not a Schema											
LBNL	cmungall/all-about-me			https://github.com/cmungall/all-about-me/blob/main/src/linkml/all_about_me.yaml	Chris Mungall	Schema					yes						
Bridge2AI	bridge2ai/model-card-schema					Duplicate											
Unknown	putmantime/tislab-org					Not a Schema			Template only								
Unknown	putmantime/translator-architecture			https://github.com/putmantime/translator-architecture/blob/main/src/my_datamodel/schema/my_datamodel.yaml.jinja		Schema										Schema is yaml as Jinja template	
LinkML	linkml/prefixmaps					Not a Schema											
LinkML	linkml/linkml-map			https://github.com/linkml/linkml-map/blob/main/src/linkml_map/datamodel/transformer_model.yaml		Schema	Generic										
Unknown	di2ag/trapi_model					Not a Schema											
LBNL	cmungall/owl-schema	owl-schema		https://github.com/cmungall/owl-schema/blob/main/src/linkml/owl_schema.yaml	Chris Mungall	Schema	Generic				yes						
LBNL	berkeleybop/kgviz-model			https://github.com/berkeleybop/kgviz-model/tree/main/src/kgviz_model/linkml		Schema Collection											
Unknown	INCATools/ontobot-change-agent					Not a Schema											
NMDC	microbiomedata/schema_hackathon					Not a Schema			abandoned. no schema.								
Unknown	kjappelbaum/mofdscribe-schema			https://github.com/kjappelbaum/mofdscribe-schema/blob/main/src/my_datamodel/schema/my_datamodel.yaml.jinja		Schema	Generic	minimal								PersonSchema only	
NMDC	microbiomedata/dh_testing			https://github.com/microbiomedata/dh_testing/tree/main/src/schema		Schema Collection	Microbiology	abandoned/archived/inactive	abandoned. includes schemas that could be built form schemasheets and could be used to generate DH interfaces.								
Unknown	berkeleybop/artificial-intelligence-ontology					Not a Schema											
Unknown	biocypher/dependency-map					Not a Schema											
LBNL	cmungall/fairtab	FAIR TSV Rubrics		https://github.com/cmungall/fairtab/blob/main/src/linkml/fair_tsv.yaml	Chris Mungall	Schema					yes						
Unknown	turbomam/nmdc-mixs-supplement-for-envo				Mark Miller	Not a Schema		abandoned/archived/inactive			yes						
Unknown	iSOLveIT/linkml					Not a Schema		minimal									
LBNL	cmungall/linkml-cfde	linkml-cfde		https://github.com/cmungall/linkml-cfde/blob/main/src/linkml-cfde/datamodel/cfde.py	Chris Mungall	Schema	Clinical, Computer Science / Data Science		No yaml?		yes						
Unknown	HUBioDataLab/CROssBARv2					Not a Schema											
Unknown	saezlab/pypath					Not a Schema											
Monarch	monarch-initiative/monarch-semsim					Not a Schema								NIH			
GOV.UK	govuk-one-login/data-vocab	GOV.UK One Login vocabulary	https://vocab.account.gov.uk/linkml/			Schema Collection	Cybersecurity, Government	public	This specification intends to describe a Linked Data vocabulary for asserting Verifiable Credentials related to identity proofing and verification.	no	no						
GO	geneontology/go-fastapi					Not a Schema											
Unknown	INCATools/kgcl					Duplicate										Duplicate	
Unknown	cidgoh/DataHarmonizer			https://github.com/cidgoh/dataHarmonizer/	Damion Dooley	Not a Schema										See Tools and Infrastructure	
Unknown	biocypher/biocypher					Not a Schema											
Unknown	kbase/credit_engine					Duplicate										Duplicate	
Monarch	monarch-initiative/ontorunner					Not a Schema								NIH			
Unknown	INCATools/oakx-robot					Not a Schema											
Unknown	Knowledge-Graph-Hub/neat-ml					Not a Schema											
OHDSI	matentzn/omop-linkml	omop-linkml		https://github.com/matentzn/omop-linkml/blob/master/omop.yaml		Schema	Clinical	exploratory									
LinkML	pkalita-lbl/linkml-initializer	linkml-initializer		https://github.com/pkalita-lbl/linkml-initializer/blob/main/schema/workspace.yaml		Schema	Generic										
Monarch	monarch-initiative/mapping-walker					Not a Schema								NIH			
TIBHanover	TIBHannover/ConfIDent_schema	ConfIDent Metadata Schema	https://raw.githubusercontent.com/TIBHannover/ConfIDent_schema/main/src/linkml/confident_schema.yaml#	https://github.com/TIBHannover/ConfIDent_schema/blob/main/src/ConfIDent_schema/schema/ConfIDent_schema.yaml	Philip Strömert	Schema	Events	public	This is a schema for the ConfIDent project that describes the necessary metadata requirements of academic events and event series.								
Unknown	vdejager/django_mixs					Not a Schema											
Unknown	biodatamodels/vrsatile			https://github.com/biodatamodels/vrsatile/tree/main/src/linkml		Schema Collection	Molecular Biology										
Unknown	timsbiomed/tccm-model	tccm	https://hotecosystem.org/tccm	https://github.com/timsbiomed/tccm-model/blob/master/tccm.yaml	Joe Flack	Schema	Computer Science / Data Science	public	The goal of the Terminology Core Common Model (TCCM) is to accomodate terminology resources from disparate data models. It will, by necessity, assemble its data from ouside (ideally definitive) sources.		yes						
Unknown	Knowledge-Graph-Hub/neat-ml-schema	neat-ml-schema		https://github.com/Knowledge-Graph-Hub/neat-ml-schema/blob/main/src/neat_ml_schema/schema/neat_ml_schema.yaml	J. Harry Caufield	Schema	Computer Science / Data Science				yes						
Unknown	INCATools/semantic-sql	Semantic SQL modules		https://github.com/INCATools/semantic-sql/tree/main/src/semsql/linkml	Chris Mungall	Schema Collection	Computer Science / Data Science				yes						
GA4GH	sujaypatil96/ga4gh-va					Duplicate											
GO	geneontology/go-library	go-library		https://github.com/geneontology/go-library/tree/main/src/go_library/schema	Chris Mungall	Schema Collection					yes						
Unknown	ExposuresProvider/icees-kg					Not a Schema											
Unknown	pkalita-lbl/gold-ecosystems-linkml					Not a Schema											
ClinGen	clingen-data-model/variant-functional-assay	variant-functional-assay		https://github.com/clingen-data-model/variant-functional-assay/blob/main/src/linkml/variant_functional_assay.yaml		Schema	Molecular Biology										
Unknown	mapping-commons/sssom					Duplicate										Duplicate	
LBNL	cmungall/obo-metadata	obo-metadata		https://github.com/cmungall/obo-metadata/blob/main/src/linkml/obo_metadata.yaml	Chris Mungall	Schema	Computer Science / Data Science				yes						
INCLUDE	include-dcc/include-linkml					Duplicate											
LBNL	INCATools/ontology-access-kit	OAK data models		https://github.com/INCATools/ontology-access-kit/tree/main/src/oaklib/datamodels		Schema Collection	Computer Science / Data Science										
LBNL	cmungall/data-manifesto			https://github.com/cmungall/data-manifesto/blob/main/src/linkml/data_manifesto.yaml	Chris Mungall	Schema	Computer Science / Data Science				yes						
GSC	GenomicsStandardsConsortium/mixs					Duplicate										Duplicate	
ROBOKOP	RobokopU24/ORION					Not a Schema											
Unknown	matentzn/marine-model			https://github.com/matentzn/marine-model/blob/main/model/core.yaml	Nico Matentzoglu	Schema	Generic				yes						
Unknown	helxplatform/tranql					Not a Schema											
NMDC	microbiomedata/pynmdc					Not a Schema											
NMDC	microbiomedata/sample-annotator					Not a Schema			Code, not schema repo. Used as a catchall for implementing what we're calling "translators" and "exporters" in NMDC runtime at the moment.								
Unknown	yxu-lanl/nmdc-docs-conf					Not a Schema											
NMDC	microbiomedata/sheets_and_friends					Not a Schema			active code repo. no schema. 								
Unknown	yxu-lanl/nmdc-docs-test					Not a Schema											
Unknown	StroemPhi/NMRspec	NMRspec		https://github.com/StroemPhi/NMRspec/tree/main/model/schema	Philip Strömert	Schema Collection			data model and code prototype for the semantification of NMR spectroscopy research data								
Unknown	turbomam/synbio-sheets				Mark Miller	Not a Schema					yes						
Unknown	Knowledge-Graph-Hub/knowledge-graph-hub.github.io					Not a Schema											
LBNL	chemkg/linkml-rhea	linkml-rhea		https://github.com/chemkg/linkml-rhea/blob/main/rhea.yaml		Schema	Chemistry										
LinkML	linkml/schema-automator					Not a Schema											
LinkML	linkml/schemasheets					Not a Schema											
Unknown	obophenotype/asctb-tables	asctb-tables		https://github.com/obophenotype/asctb-tables/blob/main/asctb.yaml		Schema	Biology, Cell Biology, Cardiovascular Health										
LinkML	linkml/linkml-datalog					Not a Schema											
Unknown	vemonet/semanticscience-model	SIO in LinkML	https://vemonet.github.io/semanticscience-model/	https://github.com/vemonet/semanticscience-model/blob/main/model/sio-model.yaml	Vincent Emonet	Schema	Computer Science / Data Science	public	The Semanticscience Integrated Ontology (SIO) provides a simple, integrated ontology of types and relations for rich description of objects, processes and their attributes.	no	no						
LinkML	linkml/sparqlfun	sparqlfun	https://linkml.io/sparqlfun/home/	https://github.com/linkml/sparqlfun/tree/main/sparqlfun/schema	Chris Mungall	Schema Collection	Computer Science / Data Science				yes						
Translator	NCATSTranslator/Explanatory-Agent					Not a Schema		minimal									
Monarch	monarch-initiative/monarch-ingest					Not a Schema		minimal						NIH			
Unknown	cancerDHC/ccdh-terminology-service					Not a Schema		minimal	The CCDH terminology service is a RESTful API that supports the validation, lookup, binding, and mapping of the concepts in the CCDH data harmonization process and the transformation and validation workflow.								
Progenetix	progenetix/publication-schema	Progenetix Publication Schema in LinkML	https://github.com/progenetix/publication-schema/tree/main	https://github.com/progenetix/publication-schema/blob/main/progenetix_publication/model/schema/Publication.yaml	Daniel Incicau	Schema	Bibliography			no 	no						
LinkML	cmungall/linkml-phenopackets	Phenopackets in LinkML	https://cmungall.github.io/linkml-phenopackets/	https://github.com/cmungall/linkml-phenopackets/tree/main/src/phenopackets/schema	Chris Mungall	Schema Collection	Clinical, Biology	public		no	yes						
Unknown	hsolbrig/BDP-Ontology	BDP-Ontology		https://github.com/hsolbrig/BDP-Ontology/blob/main/schema/BreastCancerRegistry.yaml	Harold Solbrig	Schema	Clinical, Cancer	abandoned/archived/inactive		no	no						
LinkML	linkml/linkml-solr				Chris Mungall	Not a Schema	Computer Science / Data Science	minimal									
LinkML	linkml/linkml-sparql				Chris Mungall	Not a Schema	Computer Science / Data Science	minimal									
LinkML	linkml/linkml-owl				Chris Mungall	Not a Schema		minimal									
Translator	TranslatorSRI/binder					Not a Schema											
Unknown	ranking-agent/strider					Not a Schema			A web service and API for Strider, the knowledge-provider querying, answer generating, ranking module of ARAGORN.								
Unknown	mapping-commons/lmha-obo-mappings					Not a Schema											
LBNL	cmungall/mianct-schema			https://github.com/cmungall/mianct-schema/blob/main/model/schema/mianct.yaml	Chris Mungall	Schema	Cell Biology, Molecular Biology				yes						
Unknown	mukundanps/ghp-vocab		https://goodhealthpass.org/ghp-vocab	https://github.com/mukundanps/ghp-vocab/blob/main/model/schema/ghp-base.yaml	Mukundan Parthasarathy	Schema	Infectious Disease	public	Good Health Pass vocabulary for Covid-19	no	no						
Unknown	INCATools/ontology-development-kit					Not a Schema											
AGR	alliance-genome/agr_curation_schema					Duplicate										Duplicate of https://github.com/alliance-genome/agr_curation_schema/tree/main/model/schema	
Monarch	monarch-initiative/monochrom	ChromoSchema	https://w3id.org/biodatamodels/chromoschema	https://github.com/monarch-initiative/monochrom/blob/master/model/schema/chromo.yaml	Chris Mungall	Duplicate	Cell Biology, Molecular Biology	public			yes			NIH			
LBNL	biodatamodels/gff-schema	gff-schema		https://github.com/biodatamodels/gff-schema/blob/main/src/schema/gff.yaml	Chris Mungall	Schema	Molecular Biology	prototype			yes						
Unknown	ghga-de/ghga-metadata-schema					Duplicate										Duplicate	
Unknown	cancerDHC/example-data					Not a Schema		minimal									
Unknown	biodatamodels/ontology-associations	ontology-associations	https://w3id.org/ontology_association/	https://github.com/biodatamodels/ontology-associations/tree/main/src/schema	Chris Mungall	Schema Collection	Computer Science / Data Science	public			yes						
Monarch	monarch-initiative/babelon					Duplicate								NIH		Duplicate	
Unknown	diatomsRcool/include_linkml	include_linkml		https://github.com/diatomsRcool/include_linkml/blob/main/model/schema/include_schema.yaml		Schema		abandoned/archived/inactive									
Unknown	timsbiomed/tccm-api					Not a Schema											
Unknown	timsbiomed/tccm-model-lite	Terminology Core Common Model		https://github.com/timsbiomed/tccm-model-lite/blob/main/tccm_model/model/schema/tccm_model.yaml		Schema	Computer Science / Data Science										
Unknown	timsbiomed/TermCI-model	Terminology Core Common Model		https://github.com/timsbiomed/TermCI-model/blob/main/src/schema/tccm_schema.yaml		Schema	Computer Science / Data Science										
GO	geneontology/go-rhea-boom					Not a Schema		minimal									
NMDC	microbiomedata/nmdc-runtime					Not a Schema		minimal	Infrastructure for making sure database conforms to LinkML schema described in microbiomedata/nmdc-schema. Use of LinkML is mostly limited to it being leveraged in the implementation of "translators" and "exporters". SchemaView also used extensively.	no							
GO	cmungall/linkml-gocam	linkml-gocam	https://cmungall.github.io/linkml-gocam/	https://github.com/cmungall/linkml-gocam/blob/main/src/schema/gocam.yaml	Chris Mungall	Schema	Molecular Biology, Biology	public		no	yes						
LBNL	chemkg/chemrof	Chemical Entities Mixtures and Reactions Ontological Framework	https://chemkg.github.io/chemrof/	https://github.com/chemkg/chemrof/blob/main/src/chemrof/schema/chemrof.yaml	Chris Mungall	Schema	Chemistry	public	A data model for managing information about chemical entities, ranging from atoms through molecules to complex mixtures.	no	yes						
Unknown	INCATools/kgcl-rdflib	KGCL-RDFlib	https://github.com/INCATools/kgcl-rdflib	https://github.com/INCATools/kgcl-rdflib/blob/master/src/schema/kgcl.yaml	Chris Mungall	Schema	Generic	public	A data model for describing change operations at a high level on an ontology or ontology-like artefact, such as a Knowledge Graph.	no	yes						
LinkML	linkml/linkml-model	linkml metamodel	https://linkml.io/linkml-model/latest/docs/	https://github.com/linkml/linkml-model/blob/main/linkml_model/model/schema/meta.yaml	Chris Mungall	Schema	Generic	public	The metamodel for schemas defined using the Linked Data Modeling Language framework.	yes	yes						
Unknown	Sveino/arcZcode	ArchiMate Vocabulary		https://github.com/Sveino/arcZcode/blob/develop/vocabularies/ArchiMate/linkML/ArchiMate-linkML.yaml	Svein Harald Olsen	Schema	Generic	minimal	This project is a proof-of-concept for investigating the possibility to use LinkML to manage ontology for describing system architecture. It include the creation of meta-ontologies like ArchiMate, DCAT and DataProduct, that will be used to describe a given system architecture.							Very minimal	
DDI	ddialliance/sdtl	Structured Data Transform Language				Not a Schema		minimal	A model for describing data transformations.							Can't find schema	
ICICLE	adhollander/PPOD_Core	PPOD_Core	https://github.com/PPODschema/PPOD_Core	https://github.com/adhollander/PPOD_Core/blob/main/PPOD_Core.yaml	Allan Hollander	Schema	Computer Science / Data Science	prototype	The core modules for the PPOD (Person-Project-Organization-Dataset) schema.					NSF			
CIDGOH	cidgoh/pathogen-genomics-package	A variety of schemas covering viral and bacterial pathogens		https://github.com/cidgoh/pathogen-genomics-package/tree/main/templates	Damion Dooley, Emma Griffiths	Schema Collection	Infectious Disease, Public Health	public	This is the DataHarmonizer spreadsheet web application bundled with pathogen genomics data entry and validation templates. It includes templates for detailing SARS-CoV-2 and Monkeypox sample contextual data, as well as draft Influenza and Wastewater specifications. More infectious disease templates will be included in the coming year.	no	yes		https://doi.org/10.1093/gigascience/giac003	Genome Canada, Genome BC			
AnVIL	DataBiosphere/biocore-data-model	Biocore Data Model		https://github.com/DataBiosphere/biocore-data-model/tree/main/content/linkml	Sid Cox	Schema Collection	Clinical, Molecular Biology	public		yes	yes			NHGRI			
HTAN	ncihtan/htan-linkml	LinkML data model for HTAN Phase 2	https://w3id.org/ncihtan/htan-linkml	https://github.com/ncihtan/htan-linkml/blob/main/src/htan_linkml/schema/htan_linkml.yaml	Adam Taylor	Schema	Cancer, Clinical, Molecular Biology	prototype	Exploring a LinkML data model for HTAN Phase 2					NCI			
marine.gov.scot	saved-models/ext	SAVED: Sustainable Aquaculture: Validating Sea Lice Dispersal model	https://marine.gov.scot/metadata/saved/schema/	https://github.com/saved-models/ext/tree/main/saved/schema/linkml	Duncan Guthrie	Schema Collection	Biology			no	no			marine.gov.scot			
Siemens		Industrial Asset Hub Base Schema	https://common-device-management.code.siemens.io/documentation/asset-modeling/base-schema/	https://industrial-assets.io/stable/developers/asset-schema/iah-base.yaml	Silvano Cirujano Cuesta	Schema			This schema defines the base classes needed for Industrial Asset Hub (IAH).	yes	yes			Siemens			
US NIST	nistarlin/gec-linkml	Genome Editing Schema		https://github.com/nistarlin/gec-linkml/blob/main/schema/gec-schema.yaml	Sierra Miller, Arlin Stoltzfus	Schema	Molecular Biology, Genome Editing, Bioinformatics	private	LinkML schema for NIST Genome Editing Consortium: metadata for genome editing experiments								
US NIST	usnistgov/nist-labcas-linkml	labcas-schema.yml			Sierra Miller	Schema	Computer Science / Data Science, Bioinformatics, Biology, Molecular Biology, Microbiology, Genome Editing, Flow Cytometry, Telemetry	private	Under this effort, NASA JPL is working in partnership with the NIST division of Biosystems and Biomaterials to develop and standardize a data science architecture that will support the capture, management, discovery, and analysis of complex scientific bioscience data sets.								